asset_path,asset_name,preset_type,preset_group,preset_name,name_key,name_en,name_zh,team,characterIconType,is_bossish,health,hasSoul,showHealthBar,showName,exp,moveSpeedFactor,hasSkill,hasCashChance,itemSkillChance,characterModelPath,lootBoxPrefabPath,facePresetPath,aiControllerPath,skillPfbPath
Assets/MonoBehaviour/DummyEnemyCharacterRandomPresetLv 0.asset,DummyEnemyCharacterRandomPresetLv 0,DummyEnemyCharacterRandomPresetLv 0,,,,,,1,0,FALSE,60,TRUE,TRUE,FALSE,100,1.0,FALSE,0.0,0.3,Assets/GameObject/CharacterModel_Dummy_1.prefab,Assets/GameObject/LootBox_EnemyDie_Box.prefab,,Assets/GameObject/DummyAIController.prefab,
Assets/MonoBehaviour/DummyEnemyCharacterRandomPresetLv 1.asset,DummyEnemyCharacterRandomPresetLv 1,DummyEnemyCharacterRandomPresetLv 1,,,,,,1,0,FALSE,60,TRUE,TRUE,FALSE,100,1.0,FALSE,0.0,0.3,Assets/GameObject/CharacterModel_Dummy_1.prefab,Assets/GameObject/LootBox_EnemyDie_Box.prefab,,Assets/GameObject/DummyAIController.prefab,
Assets/MonoBehaviour/DummyEnemyCharacterRandomPresetLv 2.asset,DummyEnemyCharacterRandomPresetLv 2,DummyEnemyCharacterRandomPresetLv 2,,,,,,1,0,FALSE,60,TRUE,TRUE,FALSE,100,1.0,FALSE,0.0,0.3,Assets/GameObject/CharacterModel_Dummy_1.prefab,Assets/GameObject/LootBox_EnemyDie_Box.prefab,,Assets/GameObject/DummyAIController.prefab,
Assets/MonoBehaviour/DummyEnemyCharacterRandomPresetLv 3.asset,DummyEnemyCharacterRandomPresetLv 3,DummyEnemyCharacterRandomPresetLv 3,,,,,,1,0,FALSE,60,TRUE,TRUE,FALSE,100,1.0,FALSE,0.0,0.3,Assets/GameObject/CharacterModel_Dummy_1.prefab,Assets/GameObject/LootBox_EnemyDie_Box.prefab,,Assets/GameObject/DummyAIController.prefab,
Assets/MonoBehaviour/DummyEnemyCharacterRandomPresetLv 4.asset,DummyEnemyCharacterRandomPresetLv 4,DummyEnemyCharacterRandomPresetLv 4,,,,,,1,0,FALSE,60,TRUE,TRUE,FALSE,100,1.0,FALSE,0.0,0.3,Assets/GameObject/CharacterModel_Dummy_1.prefab,Assets/GameObject/LootBox_EnemyDie_Box.prefab,,Assets/GameObject/DummyAIController.prefab,
Assets/MonoBehaviour/DummyEnemyCharacterRandomPresetLv 5.asset,DummyEnemyCharacterRandomPresetLv 5,DummyEnemyCharacterRandomPresetLv 5,,,,,,1,0,FALSE,60,TRUE,TRUE,FALSE,100,1.0,FALSE,0.0,0.3,Assets/GameObject/CharacterModel_Dummy_1.prefab,Assets/GameObject/LootBox_EnemyDie_Box.prefab,,Assets/GameObject/DummyAIController.prefab,
Assets/MonoBehaviour/EnemyPreset_Animal_Wolf.asset,EnemyPreset_Animal_Wolf,EnemyPreset,Animal,Animal_Wolf,Cname_Wolf,Wolf,狼,8,0,FALSE,40,TRUE,TRUE,FALSE,50,1.3,FALSE,0.0,0.3,Assets/GameObject/0_CharacterModel_Beast_Template.prefab,Assets/GameObject/LootBox_EnemyDie_Bag.prefab,,Assets/GameObject/AIController_Melee.prefab,
Assets/MonoBehaviour/EnemyPreset_Animal_Wolf_Farm.asset,EnemyPreset_Animal_Wolf_Farm,EnemyPreset,Animal,Animal_Wolf_Farm,Cname_Wolf,Wolf,狼,8,0,FALSE,65,TRUE,TRUE,FALSE,50,1.3,FALSE,0.0,0.3,Assets/GameObject/0_CharacterModel_Beast_Template.prefab,Assets/GameObject/LootBox_EnemyDie_Bag.prefab,,Assets/GameObject/AIController_Melee.prefab,
Assets/MonoBehaviour/EnemyPreset_Basement.asset,EnemyPreset_Basement,EnemyPreset,Basement,Basement,,,,0,0,FALSE,80,TRUE,TRUE,FALSE,100,1.0,FALSE,0.0,0.3,Assets/GameObject/CharacterModel_Duck_Coach.prefab,Assets/GameObject/LootBox_EnemyDie_Template.prefab,,Assets/GameObject/BasementAIController.prefab,
Assets/MonoBehaviour/EnemyPreset_Boss_XING.asset,EnemyPreset_Boss_XING,EnemyPreset,Boss,Boss_XING,Cname_XING,Big Xing,大兴兴,1,3,TRUE,350,TRUE,TRUE,TRUE,1000,1.6,FALSE,0.0,0.3,Assets/GameObject/0_CharacterModel_Custom_Enemy_Large.prefab,Assets/GameObject/LootBox_EnemyDie_Box_GroundZeroBoss.prefab,Assets/MonoBehaviour/CustomFacePreset_XING.asset,Assets/GameObject/AIControllerTemplate.prefab,
Assets/MonoBehaviour/EnemyPreset_Boss_Storm_4_Electric.asset,EnemyPreset_Boss_Storm_4_Electric,EnemyPreset,Boss,Boss_Storm_4_Electric,Cname_StormBoss4,Billy Billy,比利比利,6,3,TRUE,615,FALSE,TRUE,TRUE,1600,0.8,TRUE,0.0,0.3,Assets/GameObject/0_CharacterModel_Custom_Enemy.prefab,Assets/GameObject/LootBox_EnemyDie_Box_GroundZeroBoss.prefab,Assets/MonoBehaviour/CustomFacePreset_Usec.asset,Assets/GameObject/AIControllerTemplate.prefab,Assets/GameObject/StormBoss4_ElecGrenade.prefab
Assets/MonoBehaviour/EnemyPreset_Boss_Fly.asset,EnemyPreset_Boss_Fly,EnemyPreset,Boss,Boss_Fly,Cname_Boss_Fly,Fly Captain,蝇蝇队长,1,3,TRUE,160,TRUE,TRUE,TRUE,1000,1.2,FALSE,1.0,1.0,Assets/GameObject/0_CharacterModel_Custom_Enemy _Boss_Fly.prefab,Assets/GameObject/LootBox_EnemyDie_Box_GroundZeroBoss.prefab,Assets/MonoBehaviour/CustomFacePreset_Boss_Fly.asset,Assets/GameObject/AIControllerTemplate.prefab,
Assets/MonoBehaviour/EnemyPreset_Boss_Fly_Child.asset,EnemyPreset_Boss_Fly_Child,EnemyPreset,Boss,Boss_Fly_Child,Cname_Boss_Fly_Child,Fly Member,蝇蝇队员,1,0,TRUE,65,TRUE,TRUE,FALSE,30,1.2,FALSE,1.0,1.0,Assets/GameObject/0_CharacterModel_Custom_Enemy _Boss_Fly.prefab,Assets/GameObject/LootBox_EnemyDie_Box_GroundZeroBoss.prefab,Assets/MonoBehaviour/CustomFacePreset_Boss_Fly.asset,Assets/GameObject/AIControllerTemplate.prefab,
Assets/MonoBehaviour/EnemyPreset_Boss_Storm_2_Poison.asset,EnemyPreset_Boss_Storm_2_Poison,EnemyPreset,Boss,Boss_Storm_2_Poison,Cname_StormBoss2,Gulu Gulu,咕噜咕噜,6,3,TRUE,445,FALSE,TRUE,TRUE,1200,1.0,TRUE,0.0,0.3,Assets/GameObject/0_CharacterModel_Custom_Enemy.prefab,Assets/GameObject/LootBox_EnemyDie_Box_GroundZeroBoss.prefab,Assets/MonoBehaviour/CustomFacePreset_Usec.asset,Assets/GameObject/AIControllerTemplate.prefab,Assets/GameObject/StormBoss2_ToxGrenade.prefab
Assets/MonoBehaviour/EnemyPreset_Boss_Storm_5_Space.asset,EnemyPreset_Boss_Storm_5_Space,EnemyPreset,Boss,Boss_Storm_5_Space,Cname_StormBoss5,Koko Koko,口口口口,6,3,TRUE,792,FALSE,TRUE,TRUE,2000,1.0,TRUE,0.0,0.8,Assets/GameObject/0_CharacterModel_Custom_Enemy _Boss_Storm5.prefab,Assets/GameObject/LootBox_EnemyDie_Box_GroundZeroBoss.prefab,Assets/MonoBehaviour/CustomFacePreset_Usec.asset,Assets/GameObject/AIControllerTemplate.prefab,Assets/GameObject/Grenade_SpaceBoss_0.prefab
Assets/MonoBehaviour/EnemyPreset_Boss_XING_Child.asset,EnemyPreset_Boss_XING_Child,EnemyPreset,Boss,Boss_XING_Child,Cname_XINGS,Little Xing,小小兴,1,0,TRUE,50,TRUE,TRUE,FALSE,90,1.5,FALSE,0.0,0.3,Assets/GameObject/0_CharacterModel_Custom_Enemy.prefab,Assets/GameObject/LootBox_EnemyDie_Bag.prefab,Assets/MonoBehaviour/CustomFacePreset_XING.asset,Assets/GameObject/AIControllerTemplate.prefab,
Assets/MonoBehaviour/EnemyPreset_Boss_Deng.asset,EnemyPreset_Boss_Deng,EnemyPreset,Boss,Boss_Deng,Cname_Boss_Sniper,Lordon,劳登,1,3,TRUE,190,TRUE,TRUE,TRUE,800,1.2,FALSE,0.0,0.3,Assets/GameObject/0_CharacterModel_Custom_Enemy _Boss_Sniper.prefab,Assets/GameObject/LootBox_EnemyDie_Box.prefab,Assets/MonoBehaviour/CustomFacePreset_Boss_Sniper.asset,Assets/GameObject/AIControllerTemplate.prefab,
Assets/MonoBehaviour/EnemyPreset_Boss_Deng_Wolf.asset,EnemyPreset_Boss_Deng_Wolf,EnemyPreset,Boss,Boss_Deng_Wolf,Cname_DengWolf,Lordon's Dog,劳登的狗,1,0,TRUE,80,TRUE,TRUE,FALSE,50,1.3,FALSE,1.0,0.3,Assets/GameObject/0_CharacterModel_Beast_DengWolf.prefab,Assets/GameObject/LootBox_EnemyDie_Bag.prefab,,Assets/GameObject/AIController_Melee.prefab,
Assets/MonoBehaviour/EnemyPreset_Boss_Grenade.asset,EnemyPreset_Boss_Grenade,EnemyPreset,Boss,Boss_Grenade,Cname_Grenade,Mad Bomber,炸弹狂人,3,3,TRUE,300,TRUE,TRUE,TRUE,1500,1.5,TRUE,1.0,1.0,Assets/GameObject/0_CharacterModel_Custom_Enemy.prefab,Assets/GameObject/LootBox_EnemyDie_Box_GroundZeroBoss.prefab,Assets/MonoBehaviour/CustomFacePreset_Vida.asset,Assets/GameObject/AIControllerTemplate.prefab,Assets/GameObject/Skill_Enemy_Grenade.prefab
Assets/MonoBehaviour/EnemyPreset_Boss_ShortEagle_Elete.asset,EnemyPreset_Boss_ShortEagle_Elete,EnemyPreset,Boss,Boss_ShortEagle_Elete,Cname_Usec,Mercenary,雇佣兵,3,2,TRUE,60,TRUE,TRUE,FALSE,250,1.0,FALSE,1.0,0.3,Assets/GameObject/0_CharacterModel_Custom_Enemy.prefab,Assets/GameObject/LootBox_EnemyDie_Box.prefab,Assets/MonoBehaviour/CustomFacePreset_Solider.asset,Assets/GameObject/AIControllerTemplate.prefab,
Assets/MonoBehaviour/EnemyPreset_Boss_ServerGuardian.asset,EnemyPreset_Boss_ServerGuardian,EnemyPreset,Boss,Boss_ServerGuardian,Cname_ServerGuardian,Mine Manager,矿长,1,3,TRUE,200,TRUE,TRUE,TRUE,1350,1.2,FALSE,0.0,0.3,Assets/GameObject/0_CharacterModel_Custom_Enemy.prefab,Assets/GameObject/LootBox_EnemyDie_Box_GroundZeroBoss.prefab,Assets/MonoBehaviour/CustomFacePreset_Solider.asset,Assets/GameObject/AIControllerTemplate.prefab,
Assets/MonoBehaviour/EnemyPreset_Boss_RPG.asset,EnemyPreset_Boss_RPG,EnemyPreset,Boss,Boss_RPG,Cname_RPG,Misel,迷塞尔,1,3,TRUE,280,TRUE,TRUE,TRUE,1500,1.5,FALSE,0.0,0.3,Assets/GameObject/0_CharacterModel_Custom_Enemy.prefab,Assets/GameObject/LootBox_EnemyDie_Box_GroundZeroBoss.prefab,Assets/MonoBehaviour/CustomFacePreset_Vida.asset,Assets/GameObject/AIControllerTemplate.prefab,
Assets/MonoBehaviour/EnemyPreset_Boss_Storm_3_Fire.asset,EnemyPreset_Boss_Storm_3_Fire,EnemyPreset,Boss,Boss_Storm_3_Fire,Cname_StormBoss3,Pala Pala,啪啦啪啦,6,3,TRUE,345,FALSE,TRUE,TRUE,1400,1.0,TRUE,0.0,0.3,Assets/GameObject/0_CharacterModel_Custom_Enemy.prefab,Assets/GameObject/LootBox_EnemyDie_Box_GroundZeroBoss.prefab,Assets/MonoBehaviour/CustomFacePreset_Usec.asset,Assets/GameObject/AIControllerTemplate.prefab,Assets/GameObject/StormBoss3_FireGrenade.prefab
Assets/MonoBehaviour/EnemyPreset_Boss_ShortEagle.asset,EnemyPreset_Boss_ShortEagle,EnemyPreset,Boss,Boss_ShortEagle,Cname_ShortEagle,Pato Chapo,矮鸭,3,3,TRUE,160,TRUE,TRUE,TRUE,1000,1.0,FALSE,1.0,0.3,Assets/GameObject/CharacterModel_Duck_Boss_1.prefab,Assets/GameObject/LootBox_EnemyDie_Box_GroundZeroBoss.prefab,,Assets/GameObject/AIControllerTemplate.prefab,
Assets/MonoBehaviour/EnemyPreset_Boss_Storm_1_Child.asset,EnemyPreset_Boss_Storm_1_Child,EnemyPreset,Boss,Boss_Storm_1_Child,Cname_StormBoss1_Child,Pulu,噗咙,6,0,TRUE,84,FALSE,TRUE,FALSE,200,1.0,FALSE,0.0,0.3,Assets/GameObject/0_CharacterModel_Custom_Enemy.prefab,Assets/GameObject/LootBox_EnemyDie_Box_GroundZeroBoss.prefab,Assets/MonoBehaviour/CustomFacePreset_Usec.asset,Assets/GameObject/AIControllerTemplate.prefab,
Assets/MonoBehaviour/EnemyPreset_Boss_Storm_1_BreakArmor.asset,EnemyPreset_Boss_Storm_1_BreakArmor,EnemyPreset,Boss,Boss_Storm_1_BreakArmor,Cname_StormBoss1,Pulu Pulu,噗咙噗咙,6,3,TRUE,370,FALSE,TRUE,TRUE,1000,1.1,FALSE,0.0,0.3,Assets/GameObject/0_CharacterModel_Custom_Enemy.prefab,Assets/GameObject/LootBox_EnemyDie_Box_GroundZeroBoss.prefab,Assets/MonoBehaviour/CustomFacePreset_Usec.asset,Assets/GameObject/AIControllerTemplate.prefab,
Assets/MonoBehaviour/EnemyPreset_Boss_Arcade.asset,EnemyPreset_Boss_Arcade,EnemyPreset,Boss,Boss_Arcade,Cname_Boss_Arcade,Rampaging Arcade,暴走街机,1,3,TRUE,240,TRUE,TRUE,TRUE,1400,1.25,FALSE,0.0,0.3,Assets/GameObject/0_CharacterModel_Custom_Enemy_Arcade.prefab,Assets/GameObject/LootBox_EnemyDie_Box_GroundZeroBoss.prefab,Assets/MonoBehaviour/CustomFacePreset_Arcade.asset,Assets/GameObject/AIControllerTemplate.prefab,
Assets/MonoBehaviour/EnemyPreset_Boss_Roadblock.asset,EnemyPreset_Boss_Roadblock,EnemyPreset,Boss,Boss_Roadblock,Cname_Roadblock,Roadblock,路障,6,3,TRUE,400,TRUE,TRUE,TRUE,1400,1.35,FALSE,0.0,0.3,Assets/GameObject/0_CharacterModel_Custom_Enemy _Boss_Roadblock.prefab,Assets/GameObject/LootBox_EnemyDie_Box_GroundZeroBoss.prefab,Assets/MonoBehaviour/CustomFacePreset_Usec.asset,Assets/GameObject/AIControllerTemplate.prefab,
Assets/MonoBehaviour/EnemyPreset_Boss_BALeader.asset,EnemyPreset_Boss_BALeader,EnemyPreset,Boss,Boss_BALeader,Cname_BALeader,Security Captain,BA队长,3,3,TRUE,250,TRUE,TRUE,TRUE,1500,1.15,FALSE,1.0,1.0,Assets/GameObject/0_CharacterModel_Custom_Enemy.prefab,Assets/GameObject/LootBox_EnemyDie_Box_GroundZeroBoss.prefab,Assets/MonoBehaviour/CustomFacePreset_BA.asset,Assets/GameObject/AIControllerTemplate.prefab,
Assets/MonoBehaviour/EnemyPreset_Boss_BALeader_Child.asset,EnemyPreset_Boss_BALeader_Child,EnemyPreset,Boss,Boss_BALeader_Child,Cname_BALeader_Child,Security Guard,普通BA,3,0,TRUE,75,TRUE,TRUE,FALSE,150,1.0,FALSE,1.0,0.2,Assets/GameObject/0_CharacterModel_Custom_Enemy.prefab,Assets/GameObject/LootBox_EnemyDie_Box.prefab,Assets/MonoBehaviour/CustomFacePreset_BA_Child.asset,Assets/GameObject/AIControllerTemplate.prefab,
Assets/MonoBehaviour/EnemyPreset_Boss_SenorEngineer.asset,EnemyPreset_Boss_SenorEngineer,EnemyPreset,Boss,Boss_SenorEngineer,Cname_SenorEngineer,Senior Engineer,高级工程师,1,3,TRUE,250,TRUE,TRUE,TRUE,1500,1.5,TRUE,1.0,1.0,Assets/GameObject/0_CharacterModel_Custom_Enemy.prefab,Assets/GameObject/LootBox_EnemyDie_Box_GroundZeroBoss.prefab,Assets/MonoBehaviour/CustomFacePreset_Vida.asset,Assets/GameObject/AIControllerTemplate.prefab,Assets/GameObject/FlashGrenade_Engineer.prefab
Assets/MonoBehaviour/EnemyPreset_Boss_Shot.asset,EnemyPreset_Boss_Shot,EnemyPreset,Boss,Boss_Shot,Cname_Boss_Shot,Shotgunner,喷子,1,3,TRUE,360,TRUE,TRUE,TRUE,1400,1.25,FALSE,1.0,0.3,Assets/GameObject/0_CharacterModel_Custom_Enemy _Boss_Speedy.prefab,Assets/GameObject/LootBox_EnemyDie_Box_GroundZeroBoss.prefab,Assets/MonoBehaviour/CustomFacePreset_Boss_Shot.asset,Assets/GameObject/AIControllerTemplate.prefab,
Assets/MonoBehaviour/EnemyPreset_Boss_Speedy.asset,EnemyPreset_Boss_Speedy,EnemyPreset,Boss,Boss_Speedy,Cname_Speedy,Speedy Group Commander,急速团长,1,3,TRUE,170,TRUE,TRUE,TRUE,1350,1.2,FALSE,1.0,0.3,Assets/GameObject/0_CharacterModel_Custom_Enemy _Boss_Speedy.prefab,Assets/GameObject/LootBox_EnemyDie_Box_GroundZeroBoss.prefab,Assets/MonoBehaviour/CustomFacePreset_Speedy.asset,Assets/GameObject/AIControllerTemplate.prefab,
Assets/MonoBehaviour/EnemyPreset_Boss_Speedy_Child.asset,EnemyPreset_Boss_Speedy_Child,EnemyPreset,Boss,Boss_Speedy_Child,Cname_SpeedyChild,Speedy Group Member,急速团成员,1,0,TRUE,50,TRUE,TRUE,FALSE,100,1.0,FALSE,1.0,0.3,Assets/GameObject/0_CharacterModel_Custom_Enemy.prefab,Assets/GameObject/LootBox_EnemyDie_Template.prefab,Assets/MonoBehaviour/CustomFacePreset_SpeedyChild.asset,Assets/GameObject/AIControllerTemplate.prefab,
Assets/MonoBehaviour/EnemyPreset_Boss_3Shot_Child.asset,EnemyPreset_Boss_3Shot_Child,EnemyPreset,Boss,Boss_3Shot_Child,Cname_3Shot_Child,Triple-Shot Kid,三枪弟,1,0,TRUE,85,TRUE,TRUE,FALSE,120,1.0,FALSE,1.0,0.3,Assets/GameObject/0_CharacterModel_Custom_Enemy.prefab,Assets/GameObject/LootBox_EnemyDie_Box.prefab,Assets/MonoBehaviour/CustomFacePreset_Boss_Sniper.asset,Assets/GameObject/AIControllerTemplate.prefab,
Assets/MonoBehaviour/EnemyPreset_Boss_3Shot.asset,EnemyPreset_Boss_3Shot,EnemyPreset,Boss,Boss_3Shot,Cname_Boss_3Shot,Triple-Shot Man,三枪哥,1,3,TRUE,400,TRUE,TRUE,TRUE,800,1.2,FALSE,1.0,0.3,Assets/GameObject/0_CharacterModel_Custom_Enemy _Boss_Sniper.prefab,Assets/GameObject/LootBox_EnemyDie_Box_GroundZeroBoss.prefab,Assets/MonoBehaviour/CustomFacePreset_Boss_Sniper.asset,Assets/GameObject/AIControllerTemplate.prefab,
Assets/MonoBehaviour/EnemyPreset_Boss_Vida.asset,EnemyPreset_Boss_Vida,EnemyPreset,Boss,Boss_Vida,Cname_Vida,Vida,维达,1,3,TRUE,220,TRUE,TRUE,TRUE,1500,1.5,FALSE,1.0,0.3,Assets/GameObject/0_CharacterModel_Custom_Enemy.prefab,Assets/GameObject/LootBox_EnemyDie_Box_GroundZeroBoss.prefab,Assets/MonoBehaviour/CustomFacePreset_Vida.asset,Assets/GameObject/AIControllerTemplate.prefab,
Assets/MonoBehaviour/EnemyPreset_Boss_Red.asset,EnemyPreset_Boss_Red,EnemyPreset,Boss,Boss_Red,Cname_Boss_Red,\?\?\?,\?\?\?,6,1,TRUE,500,TRUE,FALSE,FALSE,1000,1.25,FALSE,0.0,0.3,Assets/GameObject/0_CharacterModel_Custom_Enemy_Boss_Red.prefab,Assets/GameObject/Box_EnemyDie_Red.prefab,Assets/MonoBehaviour/CustomFacePreset_Boss_Red.asset,Assets/GameObject/AIControllerTemplate.prefab,
Assets/MonoBehaviour/EnemyPreset_BossMelee_SchoolBully_Child.asset,EnemyPreset_BossMelee_SchoolBully_Child,EnemyPreset,BossMelee,BossMelee_SchoolBully_Child,Cname_SchoolBully_Child,Alumnus,校友,1,0,TRUE,90,TRUE,TRUE,FALSE,250,1.08,FALSE,1.0,0.3,Assets/GameObject/0_CharacterModel_Custom_Enemy.prefab,Assets/GameObject/LootBox_EnemyDie_Box.prefab,Assets/MonoBehaviour/CustomFacePreset_BossMelee_SchoolBully.asset,Assets/GameObject/AIController_Melee.prefab,
Assets/MonoBehaviour/EnemyPreset_BossMelee_SchoolBully.asset,EnemyPreset_BossMelee_SchoolBully,EnemyPreset,BossMelee,BossMelee_SchoolBully,Cname_SchoolBully,School Bully,校霸,1,0,TRUE,270,TRUE,TRUE,TRUE,800,1.15,FALSE,1.0,0.3,Assets/GameObject/0_CharacterModel_Custom_Enemy.prefab,Assets/GameObject/LootBox_EnemyDie_Box_GroundZeroBoss.prefab,Assets/MonoBehaviour/CustomFacePreset_BossMelee_SchoolBully.asset,Assets/GameObject/AIController_Melee.prefab,
Assets/MonoBehaviour/EnemyPreset_Football_1.asset,EnemyPreset_Football_1,EnemyPreset,Football,Football_1,Cname_Football_1,Football\ Captain,足球队长,1,0,FALSE,180,TRUE,TRUE,FALSE,80,1.24,FALSE,1.0,0.3,Assets/GameObject/0_CharacterModel_Custom_Enemy.prefab,Assets/GameObject/LootBox_EnemyDie_Template.prefab,Assets/MonoBehaviour/CustomFacePreset_FootBall1.asset,Assets/GameObject/AIController_Melee.prefab,
Assets/MonoBehaviour/EnemyPreset_Football_2.asset,EnemyPreset_Football_2,EnemyPreset,Football,Football_2,Cname_Football_2,Football\ Player,足球队员,1,0,FALSE,135,TRUE,TRUE,FALSE,80,1.24,FALSE,1.0,0.3,Assets/GameObject/0_CharacterModel_Custom_Enemy.prefab,Assets/GameObject/LootBox_EnemyDie_Template.prefab,Assets/MonoBehaviour/CustomFacePreset_FootBall2.asset,Assets/GameObject/AIController_Melee.prefab,
Assets/MonoBehaviour/EnemyPreset_JLab_Melee_Invisable.asset,EnemyPreset_JLab_Melee_Invisable,EnemyPreset,JLab,JLab_Melee_Invisable,Cname_LabTestObjective,Test Object,测试对象,6,0,FALSE,100,FALSE,FALSE,FALSE,50,1.3,FALSE,0.0,0.3,Assets/GameObject/0_CharacterModel_Custom_Enemy_Invisable.prefab,Assets/GameObject/LootBox_EnemyDie_Template.prefab,,Assets/GameObject/AIController_Melee.prefab,
Assets/MonoBehaviour/EnemyPreset_JLab_Raider.asset,EnemyPreset_JLab_Raider,EnemyPreset,JLab,JLab_Raider,Cname_Raider,Wanderer,游荡者,6,0,FALSE,90,TRUE,TRUE,TRUE,100,1.0,FALSE,1.0,0.5,Assets/GameObject/0_CharacterModel_Custom_Enemy.prefab,Assets/GameObject/LootBox_EnemyDie_Box.prefab,Assets/MonoBehaviour/CustomFacePreset_Solider.asset,Assets/GameObject/AIControllerTemplate.prefab,
Assets/MonoBehaviour/EnemyPreset_LittleBoss.asset,EnemyPreset_LittleBoss,EnemyPreset,LittleBoss,LittleBoss,,,,1,3,TRUE,500,TRUE,TRUE,FALSE,1000,1.0,FALSE,0.0,0.3,Assets/GameObject/CharacterModel_Duck_Boss_1.prefab,Assets/GameObject/LootBox_EnemyDie_Box_GroundZeroBoss.prefab,,Assets/GameObject/AIControllerTemplate.prefab,
Assets/MonoBehaviour/EnemyPreset_Melee_UltraMan.asset,EnemyPreset_Melee_UltraMan,EnemyPreset,Melee,Melee_UltraMan,Cname_UltraMan,Man of Light,光之男,7,0,FALSE,400,TRUE,TRUE,TRUE,100,1.3,FALSE,1.0,0.3,Assets/GameObject/0_CharacterModel_Custom_Enemy_Large.prefab,Assets/GameObject/LootBox_EnemyDie_Template.prefab,Assets/MonoBehaviour/CustomFacePreset_UltraMan.asset,Assets/GameObject/AIController_UltraMan.prefab,
Assets/MonoBehaviour/EnemyPreset_Merchant_Test.asset,EnemyPreset_Merchant_Test,EnemyPreset,Merchant,Merchant_Test,MerchantName_Test,,,7,0,FALSE,45,TRUE,TRUE,FALSE,100,1.0,FALSE,0.0,0.3,Assets/GameObject/CharacterModel_Custom_MerchantMyst.prefab,Assets/GameObject/LootBox_EnemyDie_Template.prefab,Assets/MonoBehaviour/CustomFacePreset_Default.asset,Assets/GameObject/AIController_Merchant_Myst.prefab,
Assets/MonoBehaviour/EnemyPreset_Merchant_Myst.asset,EnemyPreset_Merchant_Myst,EnemyPreset,Merchant,Merchant_Myst,MerchantName_Myst,Mysterious Merchant,神秘商人,7,0,FALSE,700,TRUE,FALSE,FALSE,100,1.2,FALSE,1.0,0.3,Assets/GameObject/CharacterModel_Custom_MerchantMyst.prefab,Assets/GameObject/LootBox_EnemyDie_Template.prefab,Assets/MonoBehaviour/CustomFacePreset_Default.asset,Assets/GameObject/AIController_Merchant_Myst.prefab,
Assets/MonoBehaviour/EnemyPreset_Merchant_Myst0.asset,EnemyPreset_Merchant_Myst0,EnemyPreset,Merchant,Merchant_Myst0,MerchantName_Myst,Mysterious Merchant,神秘商人,7,0,FALSE,600,TRUE,FALSE,FALSE,100,1.2,FALSE,1.0,0.3,Assets/GameObject/CharacterModel_Custom_MerchantMyst.prefab,Assets/GameObject/LootBox_EnemyDie_Template.prefab,Assets/MonoBehaviour/CustomFacePreset_Default.asset,Assets/GameObject/AIController_Merchant_Myst.prefab,
Assets/MonoBehaviour/EnemyPreset_Mushroom.asset,EnemyPreset_Mushroom,EnemyPreset,Mushroom,Mushroom,Cname_Mushroom,Walking Mushroom,行走菇,8,0,FALSE,80,TRUE,TRUE,FALSE,100,1.0,FALSE,0.0,0.3,Assets/GameObject/0_CharacterModel_Custom_Enemy _Mushroom.prefab,Assets/GameObject/LootBox_EnemyDie_Mushroom.prefab,Assets/MonoBehaviour/CustomFacePreset_Mushroom.asset,Assets/GameObject/AIControllerTemplate.prefab,
Assets/MonoBehaviour/EnemyPreset_Prison_Melee.asset,EnemyPreset_Prison_Melee,EnemyPreset,Prison,Prison_Melee,Cname_Prison,Jailer,狱卒,6,0,FALSE,46,TRUE,TRUE,FALSE,15,1.15,FALSE,0.0,0.3,Assets/GameObject/0_CharacterModel_Custom_Enemy.prefab,Assets/GameObject/LootBox_EnemyDie_Template.prefab,Assets/MonoBehaviour/CustomFacePreset_Researcher.asset,Assets/GameObject/AIController_Melee.prefab,
Assets/MonoBehaviour/EnemyPreset_Prison_Pistol.asset,EnemyPreset_Prison_Pistol,EnemyPreset,Prison,Prison_Pistol,Cname_Prison,Jailer,狱卒,6,0,FALSE,25,TRUE,TRUE,FALSE,15,1.0,FALSE,0.0,0.3,Assets/GameObject/0_CharacterModel_Custom_Enemy.prefab,Assets/GameObject/LootBox_EnemyDie_Template.prefab,Assets/MonoBehaviour/CustomFacePreset_Researcher.asset,Assets/GameObject/AIControllerTemplate.prefab,
Assets/MonoBehaviour/EnemyPreset_Prison_Boss.asset,EnemyPreset_Prison_Boss,EnemyPreset,Prison,Prison_Boss,Cname_Prison_Boss,Warden,典狱长,6,3,TRUE,135,TRUE,TRUE,TRUE,500,1.0,FALSE,1.0,1.0,Assets/GameObject/0_CharacterModel_Custom_Enemy.prefab,Assets/GameObject/LootBox_EnemyDie_Box.prefab,Assets/MonoBehaviour/CustomFacePreset_Solider.asset,Assets/GameObject/AIControllerTemplate.prefab,
Assets/MonoBehaviour/EnemyPreset_QuestGiver_Fo.asset,EnemyPreset_QuestGiver_Fo,EnemyPreset,QuestGiver,QuestGiver_Fo,Character_Fo,Vogo,佛哥,0,0,FALSE,800,TRUE,FALSE,FALSE,100,1.2,FALSE,0.0,0.3,Assets/GameObject/0_CharacterModel_Custom_Enemy.prefab,Assets/GameObject/LootBox_EnemyDie_Template.prefab,Assets/MonoBehaviour/CustomFacePreset_Fo.asset,Assets/GameObject/AIController_Merchant_Myst.prefab,
Assets/MonoBehaviour/EnemyPreset_QuestGiver_XiaoMing.asset,EnemyPreset_QuestGiver_XiaoMing,EnemyPreset,QuestGiver,QuestGiver_XiaoMing,Character_Ming,Xiaoming,小明,0,0,FALSE,800,TRUE,FALSE,FALSE,100,1.2,FALSE,0.0,0.3,Assets/GameObject/CharacterModel_Custom_XiaoMing.prefab,Assets/GameObject/LootBox_EnemyDie_Template.prefab,Assets/MonoBehaviour/CustomFacePreset_XiaoMing.asset,Assets/GameObject/AIController_Merchant_Myst.prefab,
Assets/MonoBehaviour/EnemyPreset_Scav_Melee.asset,EnemyPreset_Scav_Melee,EnemyPreset,Scav,Scav_Melee,Cname_ScavRage,Rampaging Scavenger,暴走拾荒者,1,0,FALSE,60,TRUE,TRUE,FALSE,40,1.15,FALSE,1.0,0.3,Assets/GameObject/0_CharacterModel_Custom_Enemy.prefab,Assets/GameObject/LootBox_EnemyDie_Template.prefab,Assets/MonoBehaviour/CustomFacePreset_ScavRed.asset,Assets/GameObject/AIController_Melee.prefab,
Assets/MonoBehaviour/EnemyPreset_Scav.asset,EnemyPreset_Scav,EnemyPreset,Scav,Scav,Cname_Scav,Scavenger,拾荒者,1,0,FALSE,45,TRUE,TRUE,FALSE,20,1.0,FALSE,0.3,0.3,Assets/GameObject/0_CharacterModel_Custom_Enemy.prefab,Assets/GameObject/LootBox_EnemyDie_Template.prefab,Assets/MonoBehaviour/CustomFacePreset_ScavBlue.asset,Assets/GameObject/AIControllerTemplate.prefab,
Assets/MonoBehaviour/EnemyPreset_Scav_Elete.asset,EnemyPreset_Scav_Elete,EnemyPreset,Scav,Scav_Elete,Cname_Scav,Scavenger,拾荒者,1,1,FALSE,65,TRUE,TRUE,FALSE,60,1.0,FALSE,0.6,0.3,Assets/GameObject/0_CharacterModel_Custom_Enemy.prefab,Assets/GameObject/LootBox_EnemyDie_Template.prefab,Assets/MonoBehaviour/CustomFacePreset_ScavBlue_Deeper.asset,Assets/GameObject/AIControllerTemplate.prefab,
Assets/MonoBehaviour/EnemyPreset_Scav_Farm.asset,EnemyPreset_Scav_Farm,EnemyPreset,Scav,Scav_Farm,Cname_Scav,Scavenger,拾荒者,1,0,FALSE,55,TRUE,TRUE,FALSE,20,1.0,FALSE,0.3,0.3,Assets/GameObject/0_CharacterModel_Custom_Enemy.prefab,Assets/GameObject/LootBox_EnemyDie_Template.prefab,Assets/MonoBehaviour/CustomFacePreset_ScavBlue.asset,Assets/GameObject/AIControllerTemplate.prefab,
Assets/MonoBehaviour/EnemyPreset_Scav_low.asset,EnemyPreset_Scav_low,EnemyPreset,Scav,Scav_low,Cname_Scav,Scavenger,拾荒者,1,0,FALSE,35,TRUE,TRUE,FALSE,15,1.0,FALSE,0.3,0.3,Assets/GameObject/0_CharacterModel_Custom_Enemy.prefab,Assets/GameObject/LootBox_EnemyDie_Template.prefab,Assets/MonoBehaviour/CustomFacePreset_ScavBlue.asset,Assets/GameObject/AIControllerTemplate.prefab,
Assets/MonoBehaviour/EnemyPreset_Scav_low_ak74.asset,EnemyPreset_Scav_low_ak74,EnemyPreset,Scav,Scav_low_ak74,Cname_Scav,Scavenger,拾荒者,1,0,FALSE,40,TRUE,TRUE,FALSE,20,1.0,FALSE,0.3,0.3,Assets/GameObject/0_CharacterModel_Custom_Enemy.prefab,Assets/GameObject/LootBox_EnemyDie_Template.prefab,Assets/MonoBehaviour/CustomFacePreset_ScavBlue.asset,Assets/GameObject/AIControllerTemplate.prefab,
Assets/MonoBehaviour/EnemyPreset_Spider_Scare.asset,EnemyPreset_Spider_Scare,EnemyPreset,Spider,Spider_Scare,Cname_CrazyRob,Lost Spider-Bot,失控机械蜘蛛,5,0,FALSE,200,FALSE,TRUE,FALSE,500,3.5,FALSE,0.0,0.3,Assets/GameObject/0_CharacterModel_Spider_Scare.prefab,Assets/GameObject/LootBox_EnemyDie_Spider.prefab,,Assets/GameObject/AIController_Scare.prefab,
Assets/MonoBehaviour/EnemyPreset_Spider_Rifle.asset,EnemyPreset_Spider_Rifle,EnemyPreset,Spider,Spider_Rifle,Cname_RobSpider,Spider-Bot,机械蜘蛛,6,0,FALSE,75,FALSE,TRUE,FALSE,250,1.0,FALSE,0.0,0.3,Assets/GameObject/0_CharacterModel_Spider.prefab,Assets/GameObject/LootBox_EnemyDie_Spider.prefab,,Assets/GameObject/AIControllerTemplate.prefab,
Assets/MonoBehaviour/EnemyPreset_Spider_Rifle_JLab.asset,EnemyPreset_Spider_Rifle_JLab,EnemyPreset,Spider,Spider_Rifle_JLab,Cname_RobSpider,Spider-Bot,机械蜘蛛,6,0,FALSE,85,FALSE,TRUE,FALSE,250,1.5,FALSE,0.0,0.3,Assets/GameObject/0_CharacterModel_Spider_Dark.prefab,Assets/GameObject/LootBox_EnemyDie_Spider.prefab,,Assets/GameObject/AIControllerTemplate.prefab,
Assets/MonoBehaviour/EnemyPreset_Spider_Rifle_Strong.asset,EnemyPreset_Spider_Rifle_Strong,EnemyPreset,Spider,Spider_Rifle_Strong,Cname_RobSpider,Spider-Bot,机械蜘蛛,6,0,FALSE,110,FALSE,TRUE,FALSE,250,1.1,FALSE,0.0,0.3,Assets/GameObject/0_CharacterModel_Spider_Strong.prefab,Assets/GameObject/LootBox_EnemyDie_Spider.prefab,,Assets/GameObject/AIControllerTemplate.prefab,
Assets/MonoBehaviour/EnemyPreset_Spider_Ring.asset,EnemyPreset_Spider_Ring,EnemyPreset,Spider,Spider_Ring,Cname_RobSpider,Spider-Bot,机械蜘蛛,6,0,FALSE,130,FALSE,TRUE,FALSE,250,1.0,FALSE,0.0,0.3,Assets/GameObject/0_CharacterModel_Spider.prefab,Assets/GameObject/LootBox_EnemyDie_Spider.prefab,,Assets/GameObject/AIControllerTemplate.prefab,
Assets/MonoBehaviour/EnemyPreset_Storm_MonsterClimb.asset,EnemyPreset_Storm_MonsterClimb,EnemyPreset,Storm,Storm_MonsterClimb,Cname_MonsterClimb,Storm Bug,风暴虫,8,0,FALSE,50,FALSE,FALSE,FALSE,50,1.25,FALSE,0.0,0.3,Assets/GameObject/0_CharacterModel_Monster_Climb.prefab,Assets/GameObject/LootBox_EnemyDie_Storm.prefab,Assets/MonoBehaviour/CustomFacePreset_ScavRed.asset,Assets/GameObject/AIController_Melee.prefab,
Assets/MonoBehaviour/EnemyPreset_StormCreature.asset,EnemyPreset_StormCreature,EnemyPreset,StormCreature,StormCreature,Cname_StormCreature,Storm Creature,风暴生物,8,1,FALSE,180,FALSE,FALSE,FALSE,100,1.6,FALSE,0.0,0.3,Assets/GameObject/CharacterModel_Custom_StormCreature_NoArm.prefab,Assets/GameObject/LootBox_EnemyDie_Storm.prefab,Assets/MonoBehaviour/CustomFacePreset_StormCreature_SingleEye.asset,Assets/GameObject/AIControllerTemplate.prefab,
Assets/MonoBehaviour/EnemyPreset_StormCreature_Virus.asset,EnemyPreset_StormCreature_Virus,EnemyPreset,StormCreature,StormCreature_Virus,Cname_StormVirus,Storm?,风暴？,8,1,FALSE,180,FALSE,FALSE,FALSE,100,1.0,FALSE,0.0,0.3,Assets/GameObject/0_CharacterModel_SpiderVirus.prefab,Assets/GameObject/LootBox_EnemyDie_Storm.prefab,,Assets/GameObject/AIControllerTemplate.prefab,
Assets/MonoBehaviour/EnemyPreset_USEC_Farm.asset,EnemyPreset_USEC_Farm,EnemyPreset,USEC,USEC_Farm,Cname_Usec,Mercenary,雇佣兵,3,2,FALSE,72,TRUE,TRUE,FALSE,200,1.0,FALSE,1.0,0.3,Assets/GameObject/0_CharacterModel_Custom_Enemy.prefab,Assets/GameObject/LootBox_EnemyDie_Box.prefab,Assets/MonoBehaviour/CustomFacePreset_Usec.asset,Assets/GameObject/AIControllerTemplate.prefab,Assets/GameObject/Skill_Enemy_Grenade.prefab
Assets/MonoBehaviour/EnemyPreset_USEC_HiddenWareHouse.asset,EnemyPreset_USEC_HiddenWareHouse,EnemyPreset,USEC,USEC_HiddenWareHouse,Cname_Usec,Mercenary,雇佣兵,3,2,FALSE,60,TRUE,TRUE,FALSE,150,1.0,FALSE,1.0,0.3,Assets/GameObject/0_CharacterModel_Custom_Enemy.prefab,Assets/GameObject/LootBox_EnemyDie_Box.prefab,Assets/MonoBehaviour/CustomFacePreset_Usec.asset,Assets/GameObject/AIControllerTemplate.prefab,Assets/GameObject/Skill_Enemy_Grenade.prefab
Assets/MonoBehaviour/MatePreset_PMC.asset,MatePreset_PMC,MatePreset,PMC,PMC,Cname_Usec,Mercenary,雇佣兵,0,2,FALSE,150,TRUE,TRUE,FALSE,250,1.1,FALSE,0.0,0.3,Assets/GameObject/0_CharacterModel_Custom_Enemy.prefab,Assets/GameObject/LootBox_EnemyDie_Box.prefab,Assets/MonoBehaviour/CustomFacePreset_SpeedyChild.asset,Assets/GameObject/AIControllerTemplate.prefab,Assets/GameObject/Skill_Enemy_Grenade.prefab
Assets/MonoBehaviour/PetPreset_NormalPet.asset,PetPreset_NormalPet,PetPreset,NormalPet,NormalPet,,,,0,0,FALSE,75,TRUE,TRUE,FALSE,100,1.2,FALSE,0.0,0.3,Assets/GameObject/0_CharacterModel_Pet_Template.prefab,Assets/GameObject/LootBox_EnemyDie_Box.prefab,,Assets/GameObject/PetAIController.prefab,
Assets/MonoBehaviour/SpawnPreset_Animal_Jinitaimei.asset,SpawnPreset_Animal_Jinitaimei,SpawnPreset,Animal,Animal_Jinitaimei,Cname_Chick,,,8,0,FALSE,90,TRUE,TRUE,FALSE,50,1.0,FALSE,0.0,0.3,Assets/GameObject/0_CharacterModel_Pet_Jinitaimei.prefab,Assets/GameObject/LootBox_EnemyDie_Bag.prefab,,Assets/GameObject/AIController_Melee_Pet.prefab,
